Player,Rushing Yards,Receiving Yards,Passing Yards,Total TD,Fantasy Points,Games Played,Position,Yards_from_Scrimmage,Total_Yards,Avg_TD,Avg_Yards_from_Scrimmage,Avg_Passing_Yards,Avg_Total_Yards
A.J. Brown,70.0,4491,0.0,21.0,673,60,WR,4561.0,4561.0,0.35,76.01666666666667,0.0,76.01666666666667
A.J. Green,0.0,1371,0.0,2.0,167,32,WR,1371.0,1371.0,0.0625,42.84375,0.0,42.84375
AJ Dillon,803.0,519,0.0,0.0,292,34,RB,1322.0,1322.0,0.0,38.88235294117647,0.0,38.88235294117647
Aaron Jones,2987.0,1615,0.0,30.0,845,62,RB,4602.0,4602.0,0.4838709677419355,74.2258064516129,0.0,74.2258064516129
Aaron Rodgers,433.0,-10,7994.0,4.0,1231,65,QB,423.0,8417.0,0.06153846153846154,6.507692307692308,122.98461538461538,129.4923076923077
Adam Thielen,23.0,2785,0.0,21.0,507,55,WR,2808.0,2808.0,0.38181818181818183,51.054545454545455,0.0,51.054545454545455
Adrian Peterson,1502.0,243,0.0,12.0,243,31,RB,1745.0,1745.0,0.3870967741935484,56.29032258064516,0.0,56.29032258064516
Alec Pierce,0.0,593,0.0,0.0,71,16,WR,593.0,593.0,0.0,37.0625,0.0,37.0625
Alex Collins,411.0,87,0.0,0.0,60,11,RB,498.0,498.0,0.0,45.27272727272727,0.0,45.27272727272727
Alex Smith,3.0,0,1582.0,0.0,72,8,QB,3.0,1585.0,0.0,0.375,197.75,198.125
Alexander Mattison,1387.0,526,0.0,4.0,299,59,RB,1913.0,1913.0,0.06779661016949153,32.42372881355932,0.0,32.42372881355932
Allen Lazard,70.0,2229,0.0,6.0,351,56,WR,2299.0,2299.0,0.10714285714285714,41.05357142857143,0.0,41.05357142857143
Allen Robinson,1.0,2397,0.0,13.0,318,32,WR,2398.0,2398.0,0.40625,74.9375,0.0,74.9375
Alshon Jeffery,2.0,490,0.0,5.0,79,10,WR,492.0,492.0,0.5,49.2,0.0,49.2
Alvin Kamara,2627.0,2218,0.0,27.0,806,57,RB,4845.0,4845.0,0.47368421052631576,85.0,0.0,85.0
Amari Cooper,20.0,4328,0.0,13.0,616,64,WR,4348.0,4348.0,0.203125,67.9375,0.0,67.9375
AmonRa St. Brown,61.0,2073,0.0,0.0,299,33,WR,2134.0,2134.0,0.0,64.66666666666667,0.0,64.66666666666667
Andy Dalton,263.0,-7,5041.0,4.0,597,46,QB,256.0,5297.0,0.08695652173913043,5.565217391304348,109.58695652173913,115.15217391304348
Anthony Miller,-1.0,656,0.0,2.0,76,16,WR,655.0,655.0,0.125,40.9375,0.0,40.9375
Antonio Brown,4.0,1028,0.0,4.0,151,15,WR,1032.0,1032.0,0.26666666666666666,68.8,0.0,68.8
Antonio Gibson,1832.0,894,0.0,11.0,473,45,RB,2726.0,2726.0,0.24444444444444444,60.577777777777776,0.0,60.577777777777776
Auden Tate,0.0,575,0.0,1.0,62,12,WR,575.0,575.0,0.08333333333333333,47.916666666666664,0.0,47.916666666666664
Austin Ekeler,1998.0,2765,0.0,14.0,868,59,RB,4763.0,4763.0,0.23728813559322035,80.72881355932203,0.0,80.72881355932203
Austin Hooper,0.0,1222,0.0,10.0,185,26,TE,1222.0,1222.0,0.38461538461538464,47.0,0.0,47.0
Baker Mayfield,440.0,17,5726.0,4.0,779,58,QB,457.0,6183.0,0.06896551724137931,7.879310344827586,98.72413793103448,106.60344827586206
Ben Roethlisberger,16.0,0,3803.0,0.0,485,31,QB,16.0,3819.0,0.0,0.5161290322580645,122.6774193548387,123.19354838709677
Benny Snell Jr.,368.0,61,0.0,4.0,65,16,RB,429.0,429.0,0.25,26.8125,0.0,26.8125
Boston Scott,992.0,499,0.0,7.0,230,43,RB,1491.0,1491.0,0.16279069767441862,34.674418604651166,0.0,34.674418604651166
Brandin Cooks,73.0,3469,0.0,8.0,458,58,WR,3542.0,3542.0,0.13793103448275862,61.06896551724138,0.0,61.06896551724138
Brandon Aiyuk,94.0,2589,0.0,7.0,389,46,WR,2683.0,2683.0,0.15217391304347827,58.32608695652174,0.0,58.32608695652174
Brandon Bolden,226.0,405,0.0,0.0,83,17,RB,631.0,631.0,0.0,37.11764705882353,0.0,37.11764705882353
Braxton Berrios,40.0,431,0.0,0.0,75,16,WR,471.0,471.0,0.0,29.4375,0.0,29.4375
Breece Hall,0.0,218,0.0,0.0,96,7,RB,218.0,218.0,0.0,31.142857142857142,0.0,31.142857142857142
Breshad Perriman,22.0,1150,0.0,9.0,171,26,WR,1172.0,1172.0,0.34615384615384615,45.07692307692308,0.0,45.07692307692308
Brian Hill,788.0,268,0.0,4.0,127,28,RB,1056.0,1056.0,0.14285714285714285,37.714285714285715,0.0,37.714285714285715
Brian Robinson Jr.,0.0,60,0.0,0.0,104,12,RB,60.0,60.0,0.0,5.0,0.0,5.0
Brock Purdy,0.0,0,1374.0,0.0,106,9,QB,0.0,1374.0,0.0,0.0,152.66666666666666,152.66666666666666
Bryan Edwards,0.0,571,0.0,0.0,75,16,WR,571.0,571.0,0.0,35.6875,0.0,35.6875
Byron Pringle,0.0,568,0.0,0.0,85,17,WR,568.0,568.0,0.0,33.411764705882355,0.0,33.411764705882355
C.J. Uzomah,0.0,493,0.0,0.0,79,16,TE,493.0,493.0,0.0,30.8125,0.0,30.8125
Calvin Ridley,35.0,2240,0.0,16.0,326,28,WR,2275.0,2275.0,0.5714285714285714,81.25,0.0,81.25
Cam Akers,625.0,240,0.0,3.0,219,28,RB,865.0,865.0,0.10714285714285714,30.892857142857142,0.0,30.892857142857142
Cam Newton,822.0,35,2657.0,13.0,345,23,QB,857.0,3514.0,0.5652173913043478,37.26086956521739,115.52173913043478,152.7826086956522
Cameron Brate,0.0,311,0.0,4.0,55,16,TE,311.0,311.0,0.25,19.4375,0.0,19.4375
Carlos Hyde,1426.0,135,0.0,10.0,212,26,RB,1561.0,1561.0,0.38461538461538464,60.03846153846154,0.0,60.03846153846154
Carson Wentz,734.0,0,4375.0,6.0,845,53,QB,734.0,5109.0,0.11320754716981132,13.849056603773585,82.54716981132076,96.39622641509433
Case Keenum,12.0,0,0.0,1.0,103,10,QB,12.0,12.0,0.1,1.2,0.0,1.2
Cedrick Wilson Jr.,11.0,602,0.0,0.0,103,16,WR,613.0,613.0,0.0,38.3125,0.0,38.3125
CeeDee Lamb,158.0,3396,0.0,7.0,493,49,WR,3554.0,3554.0,0.14285714285714285,72.53061224489795,0.0,72.53061224489795
Chase Claypool,112.0,2184,1.0,11.0,320,46,WR,2296.0,2297.0,0.2391304347826087,49.91304347826087,0.021739130434782608,49.93478260869565
Chase Edmonds,1343.0,975,0.0,10.0,344,54,RB,2318.0,2318.0,0.18518518518518517,42.925925925925924,0.0,42.925925925925924
Chigoziem Okonkwo,0.0,450,0.0,0.0,65,17,TE,450.0,450.0,0.0,26.470588235294116,0.0,26.470588235294116
Chris Carson,1911.0,553,0.0,18.0,347,27,RB,2464.0,2464.0,0.6666666666666666,91.25925925925925,0.0,91.25925925925925
Chris Conley,0.0,775,0.0,5.0,110,16,WR,775.0,775.0,0.3125,48.4375,0.0,48.4375
Chris Godwin,29.0,4299,0.0,16.0,579,55,WR,4328.0,4328.0,0.2909090909090909,78.69090909090909,0.0,78.69090909090909
Chris Moore,0.0,548,0.0,0.0,67,16,WR,548.0,548.0,0.0,34.25,0.0,34.25
Chris Olave,0.0,1042,0.0,0.0,126,15,WR,1042.0,1042.0,0.0,69.46666666666667,0.0,69.46666666666667
Christian Kirk,107.0,3420,0.0,9.0,487,61,WR,3527.0,3527.0,0.14754098360655737,57.81967213114754,0.0,57.81967213114754
Christian McCaffrey,2054.0,2238,34.0,25.0,790,43,RB,4292.0,4326.0,0.5813953488372093,99.81395348837209,0.7906976744186046,100.6046511627907
Christian Watson,0.0,611,0.0,0.0,123,14,WR,611.0,611.0,0.0,43.642857142857146,0.0,43.642857142857146
Chuba Hubbard,612.0,345,0.0,0.0,187,32,RB,957.0,957.0,0.0,29.90625,0.0,29.90625
Clyde EdwardsHelaire,1320.0,577,0.0,5.0,320,33,RB,1897.0,1897.0,0.15151515151515152,57.484848484848484,0.0,57.484848484848484
Cole Beasley,0.0,2438,20.0,10.0,321,46,WR,2438.0,2458.0,0.21739130434782608,53.0,0.43478260869565216,53.43478260869565
Cole Kmet,0.0,1156,0.0,0.0,158,34,TE,1156.0,1156.0,0.0,34.0,0.0,34.0
Cooper Kupp,55.0,4894,0.0,13.0,715,57,WR,4949.0,4949.0,0.22807017543859648,86.82456140350877,0.0,86.82456140350877
Cooper Rush,0.0,0,1051.0,0.0,57,9,QB,0.0,1051.0,0.0,0.0,116.77777777777777,116.77777777777777
Cordarrelle Patterson,618.0,670,0.0,0.0,317,29,RB,1288.0,1288.0,0.0,44.41379310344828,0.0,44.41379310344828
Corey Davis,0.0,2613,0.0,7.0,335,51,WR,2613.0,2613.0,0.13725490196078433,51.23529411764706,0.0,51.23529411764706
Courtland Sutton,17.0,2717,0.0,6.0,337,48,WR,2734.0,2734.0,0.125,56.958333333333336,0.0,56.958333333333336
Curtis Samuel,330.0,2134,0.0,12.0,365,48,WR,2464.0,2464.0,0.25,51.333333333333336,0.0,51.333333333333336
D.J. Moore,110.0,4413,0.0,8.0,571,64,WR,4523.0,4523.0,0.125,70.671875,0.0,70.671875
D.K. Metcalf,17.0,4218,0.0,17.0,623,66,WR,4235.0,4235.0,0.25757575757575757,64.16666666666667,0.0,64.16666666666667
DAndre Swift,1138.0,1198,0.0,10.0,434,40,RB,2336.0,2336.0,0.25,58.4,0.0,58.4
DErnest Johnson,534.0,137,0.0,0.0,85,17,RB,671.0,671.0,0.0,39.470588235294116,0.0,39.470588235294116
DJ Chark,20.0,2216,0.0,13.0,322,39,WR,2236.0,2236.0,0.3333333333333333,57.333333333333336,0.0,57.333333333333336
DOnta Foreman,566.0,149,0.0,0.0,211,26,RB,715.0,715.0,0.0,27.5,0.0,27.5
Dak Prescott,516.0,11,4716.0,7.0,993,49,QB,527.0,5243.0,0.14285714285714285,10.755102040816327,96.24489795918367,107.0
Dallas Goedert,0.0,2663,0.0,8.0,352,53,TE,2663.0,2663.0,0.1509433962264151,50.24528301886792,0.0,50.24528301886792
Dalton Schultz,0.0,2000,0.0,4.0,301,48,TE,2000.0,2000.0,0.08333333333333333,41.666666666666664,0.0,41.666666666666664
Dalvin Cook,3851.0,1399,0.0,30.0,904,58,RB,5250.0,5250.0,0.5172413793103449,90.51724137931035,0.0,90.51724137931035
Dameon Pierce,0.0,165,0.0,0.0,136,13,RB,165.0,165.0,0.0,12.692307692307692,0.0,12.692307692307692
Damien Harris,1620.0,281,0.0,2.0,352,36,RB,1901.0,1901.0,0.05555555555555555,52.80555555555556,0.0,52.80555555555556
Damien Williams,498.0,213,0.0,7.0,111,11,RB,711.0,711.0,0.6363636363636364,64.63636363636364,0.0,64.63636363636364
Damiere Byrd,15.0,604,0.0,1.0,68,16,WR,619.0,619.0,0.0625,38.6875,0.0,38.6875
Dan Arnold,0.0,438,0.0,4.0,66,16,TE,438.0,438.0,0.25,27.375,0.0,27.375
Daniel Jones,1000.0,16,6148.0,3.0,851,54,QB,1016.0,7164.0,0.05555555555555555,18.814814814814813,113.85185185185185,132.66666666666666
Danny Amendola,0.0,678,0.0,1.0,79,15,WR,678.0,678.0,0.06666666666666667,45.2,0.0,45.2
Darius Slayton,-1.0,2215,0.0,11.0,295,46,WR,2214.0,2214.0,0.2391304347826087,48.130434782608695,0.0,48.130434782608695
Darnell Mooney,52.0,2179,0.0,4.0,292,45,WR,2231.0,2231.0,0.08888888888888889,49.577777777777776,0.0,49.577777777777776
Darrel Williams,558.0,452,0.0,0.0,149,17,RB,1010.0,1010.0,0.0,59.411764705882355,0.0,59.411764705882355
Darrell Henderson,1312.0,437,0.0,6.0,305,37,RB,1749.0,1749.0,0.16216216216216217,47.270270270270274,0.0,47.270270270270274
Darren Fells,0.0,341,0.0,7.0,76,16,TE,341.0,341.0,0.4375,21.3125,0.0,21.3125
Darren Waller,5.0,3394,0.0,12.0,439,52,TE,3399.0,3399.0,0.23076923076923078,65.36538461538461,0.0,65.36538461538461
Davante Adams,0.0,5440,0.0,23.0,830,59,WR,5440.0,5440.0,0.3898305084745763,92.20338983050847,0.0,92.20338983050847
David Johnson,1036.0,684,0.0,14.0,253,25,RB,1720.0,1720.0,0.56,68.8,0.0,68.8
David Montgomery,2808.0,1240,0.0,17.0,653,60,RB,4048.0,4048.0,0.2833333333333333,67.46666666666667,0.0,67.46666666666667
David Moore,61.0,417,0.0,6.0,84,16,WR,478.0,478.0,0.375,29.875,0.0,29.875
David Njoku,1.0,1103,0.0,0.0,156,30,TE,1104.0,1104.0,0.0,36.8,0.0,36.8
Davis Mills,44.0,0,3118.0,0.0,339,28,QB,44.0,3162.0,0.0,1.5714285714285714,111.35714285714286,112.92857142857143
Dawson Knox,4.0,1104,0.0,0.0,203,30,TE,1108.0,1108.0,0.0,36.93333333333333,0.0,36.93333333333333
DeAndre Carter,89.0,834,0.0,0.0,129,34,WR,923.0,923.0,0.0,27.147058823529413,0.0,27.147058823529413
DeAndre Hopkins,19.0,3861,0.0,13.0,531,50,WR,3880.0,3880.0,0.26,77.6,0.0,77.6
DeAndre Washington,387.0,292,0.0,3.0,86,16,RB,679.0,679.0,0.1875,42.4375,0.0,42.4375
DeVante Parker,0.0,3049,0.0,13.0,413,53,WR,3049.0,3049.0,0.24528301886792453,57.528301886792455,0.0,57.528301886792455
DeVonta Smith,0.0,2112,0.0,0.0,282,34,WR,2112.0,2112.0,0.0,62.11764705882353,0.0,62.11764705882353
Dede Westbrook,27.0,660,0.0,3.0,91,15,WR,687.0,687.0,0.2,45.8,0.0,45.8
Deebo Samuel,524.0,2839,0.0,6.0,506,44,WR,3363.0,3363.0,0.13636363636363635,76.43181818181819,0.0,76.43181818181819
Demarcus Robinson,0.0,915,0.0,7.0,132,32,WR,915.0,915.0,0.21875,28.59375,0.0,28.59375
Deonte Harty,41.0,570,0.0,0.0,77,13,WR,611.0,611.0,0.0,47.0,0.0,47.0
Derek Carr,330.0,0,7625.0,5.0,992,64,QB,330.0,7955.0,0.078125,5.15625,119.140625,124.296875
Derrick Henry,4504.0,872,4.0,35.0,1036,55,RB,5376.0,5380.0,0.6363636363636364,97.74545454545455,0.07272727272727272,97.81818181818181
Deshaun Watson,857.0,6,5925.0,11.0,775,37,QB,863.0,6788.0,0.2972972972972973,23.324324324324323,160.13513513513513,183.45945945945945
Devin Duvernay,0.0,407,0.0,0.0,79,14,WR,407.0,407.0,0.0,29.071428571428573,0.0,29.071428571428573
Devin Singletary,2332.0,971,0.0,6.0,523,61,RB,3303.0,3303.0,0.09836065573770492,54.14754098360656,0.0,54.14754098360656
Devonta Freeman,1232.0,600,0.0,6.0,252,30,RB,1832.0,1832.0,0.2,61.06666666666667,0.0,61.06666666666667
Devontae Booker,1016.0,352,0.0,3.0,173,32,RB,1368.0,1368.0,0.09375,42.75,0.0,42.75
Diontae Johnson,109.0,3646,0.0,13.0,500,64,WR,3755.0,3755.0,0.203125,58.671875,0.0,58.671875
Donovan PeoplesJones,0.0,1436,0.0,0.0,182,31,WR,1436.0,1436.0,0.0,46.32258064516129,0.0,46.32258064516129
Drake London,0.0,866,0.0,0.0,107,17,WR,866.0,866.0,0.0,50.94117647058823,0.0,50.94117647058823
Drew Brees,-6.0,0,2942.0,3.0,434,23,QB,-6.0,2936.0,0.13043478260869565,-0.2608695652173913,127.91304347826087,127.65217391304348
Drew Lock,232.0,0,2933.0,3.0,249,18,QB,232.0,3165.0,0.16666666666666666,12.88888888888889,162.94444444444446,175.83333333333334
Duke Johnson,410.0,410,0.0,5.0,110,16,RB,820.0,820.0,0.3125,51.25,0.0,51.25
Dwayne Haskins,147.0,0,1439.0,1.0,145,16,QB,147.0,1586.0,0.0625,9.1875,89.9375,99.125
Elijah Mitchell,963.0,137,0.0,0.0,146,11,RB,1100.0,1100.0,0.0,100.0,0.0,100.0
Elijah Moore,54.0,538,0.0,0.0,95,11,WR,592.0,592.0,0.0,53.81818181818182,0.0,53.81818181818182
Emmanuel Sanders,43.0,2221,0.0,10.0,318,45,WR,2264.0,2264.0,0.2222222222222222,50.31111111111111,0.0,50.31111111111111
Eno Benjamin,0.0,193,0.0,0.0,65,15,RB,193.0,193.0,0.0,12.866666666666667,0.0,12.866666666666667
Eric Ebron,0.0,933,0.0,8.0,142,26,TE,933.0,933.0,0.3076923076923077,35.88461538461539,0.0,35.88461538461539
Evan Engram,33.0,1887,0.0,5.0,247,41,TE,1920.0,1920.0,0.12195121951219512,46.829268292682926,0.0,46.829268292682926
Ezekiel Elliott,3338.0,1137,0.0,22.0,804,63,RB,4475.0,4475.0,0.3492063492063492,71.03174603174604,0.0,71.03174603174604
Frank Gore,1252.0,189,0.0,4.0,166,31,RB,1441.0,1441.0,0.12903225806451613,46.483870967741936,0.0,46.483870967741936
Freddie Swain,32.0,343,0.0,0.0,62,17,WR,375.0,375.0,0.0,22.058823529411764,0.0,22.058823529411764
Gabriel Davis,0.0,1984,0.0,7.0,317,47,WR,1984.0,1984.0,0.14893617021276595,42.212765957446805,0.0,42.212765957446805
Gardner Minshew II,497.0,0,2259.0,1.0,389,23,QB,497.0,2756.0,0.043478260869565216,21.608695652173914,98.21739130434783,119.82608695652173
Garrett Wilson,0.0,1103,0.0,0.0,133,17,WR,1103.0,1103.0,0.0,64.88235294117646,0.0,64.88235294117646
Geno Smith,0.0,0,4282.0,0.0,304,17,QB,0.0,4282.0,0.0,0.0,251.88235294117646,251.88235294117646
George Kittle,59.0,3362,0.0,7.0,483,51,TE,3421.0,3421.0,0.13725490196078433,67.07843137254902,0.0,67.07843137254902
George Pickens,0.0,801,0.0,0.0,115,17,WR,801.0,801.0,0.0,47.11764705882353,0.0,47.11764705882353
Gerald Everett,20.0,1033,0.0,0.0,152,31,TE,1053.0,1053.0,0.0,33.96774193548387,0.0,33.96774193548387
Giovani Bernard,416.0,355,0.0,6.0,111,16,RB,771.0,771.0,0.375,48.1875,0.0,48.1875
Golden Tate,16.0,676,0.0,6.0,103,11,WR,692.0,692.0,0.5454545454545454,62.90909090909091,0.0,62.90909090909091
Greg Dortch,0.0,467,0.0,0.0,61,16,WR,467.0,467.0,0.0,29.1875,0.0,29.1875
Greg Olsen,0.0,597,0.0,2.0,72,14,TE,597.0,597.0,0.14285714285714285,42.642857142857146,0.0,42.642857142857146
Greg Ward,-4.0,419,15.0,6.0,80,16,WR,415.0,430.0,0.375,25.9375,0.9375,26.875
Gus Edwards,1434.0,174,0.0,8.0,264,41,RB,1608.0,1608.0,0.1951219512195122,39.21951219512195,0.0,39.21951219512195
Hayden Hurst,0.0,571,0.0,6.0,93,16,TE,571.0,571.0,0.375,35.6875,0.0,35.6875
Henry Ruggs III,16.0,469,0.0,0.0,61,7,WR,485.0,485.0,0.0,69.28571428571429,0.0,69.28571428571429
Hunter Henry,0.0,2377,0.0,9.0,357,60,TE,2377.0,2377.0,0.15,39.61666666666667,0.0,39.61666666666667
Hunter Renfrow,3.0,2299,0.0,6.0,317,46,WR,2302.0,2302.0,0.13043478260869565,50.04347826086956,0.0,50.04347826086956
Irv Smith Jr.,0.0,365,0.0,5.0,69,13,TE,365.0,365.0,0.38461538461538464,28.076923076923077,0.0,28.076923076923077
Isaiah Hodgins,0.0,392,0.0,0.0,63,10,WR,392.0,392.0,0.0,39.2,0.0,39.2
Isaiah McKenzie,9.0,705,12.0,6.0,148,31,WR,714.0,726.0,0.1935483870967742,23.032258064516128,0.3870967741935484,23.419354838709676
Isiah Pacheco,0.0,130,0.0,0.0,122,17,RB,130.0,130.0,0.0,7.647058823529412,0.0,7.647058823529412
J.D. McKissic,577.0,986,0.0,3.0,196,27,RB,1563.0,1563.0,0.1111111111111111,57.888888888888886,0.0,57.888888888888886
J.K. Dobbins,805.0,162,0.0,9.0,225,23,RB,967.0,967.0,0.391304347826087,42.04347826086956,0.0,42.04347826086956
JaMarr Chase,21.0,2501,0.0,0.0,379,29,WR,2522.0,2522.0,0.0,86.96551724137932,0.0,86.96551724137932
Jack Doyle,0.0,448,0.0,4.0,69,16,TE,448.0,448.0,0.25,28.0,0.0,28.0
Jacoby Brissett,298.0,2,2608.0,4.0,458,42,QB,300.0,2908.0,0.09523809523809523,7.142857142857143,62.095238095238095,69.23809523809524
Jahan Dotson,0.0,523,0.0,0.0,96,12,WR,523.0,523.0,0.0,43.583333333333336,0.0,43.583333333333336
Jakobi Meyers,18.0,2399,43.0,0.0,300,45,WR,2417.0,2460.0,0.0,53.71111111111111,0.9555555555555556,54.666666666666664
Jalen Guyton,34.0,959,0.0,3.0,135,32,WR,993.0,993.0,0.09375,31.03125,0.0,31.03125
Jalen Hurts,1138.0,3,4762.0,3.0,798,45,QB,1141.0,5903.0,0.06666666666666667,25.355555555555554,105.82222222222222,131.17777777777778
Jamaal Williams,1566.0,719,0.0,9.0,511,58,RB,2285.0,2285.0,0.15517241379310345,39.39655172413793,0.0,39.39655172413793
Jameis Winston,416.0,0,0.0,1.0,422,23,QB,416.0,416.0,0.043478260869565216,18.08695652173913,0.0,18.08695652173913
James Conner,1937.0,1141,0.0,13.0,617,51,RB,3078.0,3078.0,0.2549019607843137,60.35294117647059,0.0,60.35294117647059
James Cook,0.0,180,0.0,0.0,85,16,RB,180.0,180.0,0.0,11.25,0.0,11.25
James Robinson,1837.0,617,0.0,10.0,422,39,RB,2454.0,2454.0,0.2564102564102564,62.92307692307692,0.0,62.92307692307692
James Washington,0.0,1127,0.0,8.0,159,31,WR,1127.0,1127.0,0.25806451612903225,36.354838709677416,0.0,36.354838709677416
James White,384.0,1020,0.0,9.0,196,29,RB,1404.0,1404.0,0.3103448275862069,48.41379310344828,0.0,48.41379310344828
Jamison Crowder,18.0,1979,43.0,12.0,292,40,WR,1997.0,2040.0,0.3,49.925,1.075,51.0
Jared Cook,0.0,1773,0.0,16.0,299,45,TE,1773.0,1773.0,0.35555555555555557,39.4,0.0,39.4
Jared Goff,226.0,5,8390.0,6.0,966,62,QB,231.0,8621.0,0.0967741935483871,3.725806451612903,135.32258064516128,139.0483870967742
Jarvis Landry,60.0,2584,74.0,10.0,351,43,WR,2644.0,2718.0,0.23255813953488372,61.48837209302326,1.7209302325581395,63.2093023255814
Jason Witten,0.0,529,0.0,4.0,77,16,TE,529.0,529.0,0.25,33.0625,0.0,33.0625
Javonte Williams,903.0,316,0.0,0.0,162,17,RB,1219.0,1219.0,0.0,71.70588235294117,0.0,71.70588235294117
Jaylen Samuels,175.0,305,0.0,2.0,57,14,RB,480.0,480.0,0.14285714285714285,34.285714285714285,0.0,34.285714285714285
Jaylen Waddle,3.0,2371,0.0,0.0,326,33,WR,2374.0,2374.0,0.0,71.93939393939394,0.0,71.93939393939394
Jaylen Warren,0.0,214,0.0,0.0,65,16,RB,214.0,214.0,0.0,13.375,0.0,13.375
Jeff Driskel,151.0,6,0.0,1.0,57,3,QB,157.0,157.0,0.3333333333333333,52.333333333333336,0.0,52.333333333333336
Jeff Wilson,600.0,318,0.0,10.0,266,28,RB,918.0,918.0,0.35714285714285715,32.785714285714285,0.0,32.785714285714285
Jerick McKinnon,319.0,765,0.0,6.0,233,33,RB,1084.0,1084.0,0.18181818181818182,32.84848484848485,0.0,32.84848484848485
Jerry Jeudy,0.0,1828,0.0,3.0,243,31,WR,1828.0,1828.0,0.0967741935483871,58.96774193548387,0.0,58.96774193548387
Jimmy Garoppolo,138.0,0,3533.0,1.0,704,48,QB,138.0,3671.0,0.020833333333333332,2.875,73.60416666666667,76.47916666666667
Jimmy Graham,0.0,903,0.0,11.0,157,32,TE,903.0,903.0,0.34375,28.21875,0.0,28.21875
Joe Burrow,260.0,0,7163.0,3.0,839,42,QB,260.0,7423.0,0.07142857142857142,6.190476190476191,170.54761904761904,176.73809523809524
Joe Flacco,20.0,0,0.0,0.0,85,8,QB,20.0,20.0,0.0,2.5,0.0,2.5
Joe Mixon,2770.0,1180,0.0,12.0,695,52,RB,3950.0,3950.0,0.23076923076923078,75.96153846153847,0.0,75.96153846153847
John Brown,7.0,1518,0.0,9.0,212,24,WR,1525.0,1525.0,0.375,63.541666666666664,0.0,63.541666666666664
John Ross,4.0,506,0.0,3.0,67,8,WR,510.0,510.0,0.375,63.75,0.0,63.75
Jonathan Taylor,2980.0,802,0.0,12.0,668,43,RB,3782.0,3782.0,0.27906976744186046,87.95348837209302,0.0,87.95348837209302
Jonnu Smith,82.0,887,0.0,12.0,169,31,TE,969.0,969.0,0.3870967741935484,31.258064516129032,0.0,31.258064516129032
Jordan Akins,0.0,495,0.0,0.0,80,15,TE,495.0,495.0,0.0,33.0,0.0,33.0
Jordan Howard,931.0,88,0.0,7.0,162,17,RB,1019.0,1019.0,0.4117647058823529,59.94117647058823,0.0,59.94117647058823
Josh Allen,1694.0,12,8827.0,18.0,1483,65,QB,1706.0,10533.0,0.27692307692307694,26.246153846153845,135.8,162.04615384615386
Josh Jacobs,3087.0,1152,0.0,19.0,817,60,RB,4239.0,4239.0,0.31666666666666665,70.65,0.0,70.65
Josh Palmer,6.0,1122,0.0,0.0,157,33,WR,1128.0,1128.0,0.0,34.18181818181818,0.0,34.18181818181818
Josh Reynolds,5.0,1097,0.0,2.0,138,30,WR,1102.0,1102.0,0.06666666666666667,36.733333333333334,0.0,36.733333333333334
JuJu SmithSchuster,0.0,2316,0.0,12.0,315,44,WR,2316.0,2316.0,0.2727272727272727,52.63636363636363,0.0,52.63636363636363
Julian Edelman,27.0,1117,0.0,6.0,156,16,WR,1144.0,1144.0,0.375,71.5,0.0,71.5
Julio Jones,-3.0,2165,0.0,9.0,270,24,WR,2162.0,2162.0,0.375,90.08333333333333,0.0,90.08333333333333
Justin Fields,420.0,0,2242.0,0.0,423,27,QB,420.0,2662.0,0.0,15.555555555555555,83.03703703703704,98.5925925925926
Justin Herbert,536.0,-10,9075.0,5.0,993,49,QB,526.0,9601.0,0.10204081632653061,10.73469387755102,185.20408163265307,195.9387755102041
Justin Jackson,364.0,178,0.0,0.0,64,14,RB,542.0,542.0,0.0,38.714285714285715,0.0,38.714285714285715
Justin Jefferson,16.0,4825,34.0,7.0,649,50,WR,4841.0,4875.0,0.14,96.82,0.68,97.5
Juwan Johnson,0.0,508,0.0,0.0,93,16,TE,508.0,508.0,0.0,31.75,0.0,31.75
K.J. Osborn,10.0,1305,0.0,0.0,205,34,WR,1315.0,1315.0,0.0,38.6764705882353,0.0,38.6764705882353
Kalen Ballage,303.0,166,0.0,3.0,65,11,RB,469.0,469.0,0.2727272727272727,42.63636363636363,0.0,42.63636363636363
Kalif Raymond,28.0,1192,0.0,0.0,153,33,WR,1220.0,1220.0,0.0,36.96969696969697,0.0,36.96969696969697
Kareem Hunt,1406.0,973,0.0,14.0,425,49,RB,2379.0,2379.0,0.2857142857142857,48.55102040816327,0.0,48.55102040816327
Keelan Cole,8.0,1003,0.0,9.0,155,32,WR,1011.0,1011.0,0.28125,31.59375,0.0,31.59375
Keenan Allen,15.0,4081,0.0,14.0,553,56,WR,4096.0,4096.0,0.25,73.14285714285714,0.0,73.14285714285714
Kendrick Bourne,125.0,1825,0.0,7.0,275,48,WR,1950.0,1950.0,0.14583333333333334,40.625,0.0,40.625
Kenneth Gainwell,291.0,422,0.0,0.0,155,33,RB,713.0,713.0,0.0,21.606060606060606,0.0,21.606060606060606
Kenneth Walker III,0.0,165,0.0,0.0,176,15,RB,165.0,165.0,0.0,11.0,0.0,11.0
Kenny Golladay,0.0,1190,0.0,11.0,183,16,WR,1190.0,1190.0,0.6875,74.375,0.0,74.375
Kenny Pickett,0.0,0,2404.0,0.0,150,13,QB,0.0,2404.0,0.0,0.0,184.92307692307693,184.92307692307693
Kenny Stills,0.0,561,0.0,4.0,80,13,WR,561.0,561.0,0.3076923076923077,43.15384615384615,0.0,43.15384615384615
Kenyan Drake,2026.0,862,0.0,18.0,491,53,RB,2888.0,2888.0,0.33962264150943394,54.490566037735846,0.0,54.490566037735846
Kerryon Johnson,403.0,127,0.0,4.0,75,8,RB,530.0,530.0,0.5,66.25,0.0,66.25
Khalil Herbert,433.0,153,0.0,0.0,174,30,RB,586.0,586.0,0.0,19.533333333333335,0.0,19.533333333333335
Kirk Cousins,334.0,0,8812.0,2.0,1142,64,QB,334.0,9146.0,0.03125,5.21875,137.6875,142.90625
Kyle Allen,106.0,0,0.0,2.0,177,13,QB,106.0,106.0,0.15384615384615385,8.153846153846153,0.0,8.153846153846153
Kyle Juszczyk,64.0,202,0.0,6.0,63,16,FB,266.0,266.0,0.375,16.625,0.0,16.625
Kyle Pitts,0.0,1026,0.0,0.0,109,17,TE,1026.0,1026.0,0.0,60.35294117647059,0.0,60.35294117647059
Kyle Rudolph,0.0,367,0.0,6.0,75,16,TE,367.0,367.0,0.375,22.9375,0.0,22.9375
Kyler Murray,1786.0,7,6339.0,15.0,1165,57,QB,1793.0,8132.0,0.2631578947368421,31.45614035087719,111.21052631578948,142.66666666666666
Lamar Jackson,2978.0,0,4999.0,14.0,1225,54,QB,2978.0,7977.0,0.25925925925925924,55.148148148148145,92.57407407407408,147.72222222222223
Larry Fitzgerald,0.0,804,0.0,4.0,102,16,WR,804.0,804.0,0.25,50.25,0.0,50.25
Latavius Murray,1794.0,618,0.0,11.0,457,58,RB,2412.0,2412.0,0.1896551724137931,41.58620689655172,0.0,41.58620689655172
Laviska Shenault Jr.,132.0,1219,0.0,5.0,163,30,WR,1351.0,1351.0,0.16666666666666666,45.03333333333333,0.0,45.03333333333333
LeSean McCoy,465.0,181,0.0,5.0,91,13,RB,646.0,646.0,0.38461538461538464,49.69230769230769,0.0,49.69230769230769
LeVeon Bell,789.0,461,0.0,4.0,149,15,RB,1250.0,1250.0,0.26666666666666666,83.33333333333333,0.0,83.33333333333333
Leonard Fournette,2331.0,1732,0.0,9.0,619,58,RB,4063.0,4063.0,0.15517241379310345,70.05172413793103,0.0,70.05172413793103
Logan Thomas,5.0,670,28.0,6.0,105,16,TE,675.0,703.0,0.375,42.1875,1.75,43.9375
Mac Jones,129.0,0,2997.0,0.0,395,31,QB,129.0,3126.0,0.0,4.161290322580645,96.6774193548387,100.83870967741936
Mack Hollins,0.0,690,4.0,0.0,97,17,WR,690.0,694.0,0.0,40.588235294117645,0.23529411764705882,40.8235294117647
Malcolm Brown,674.0,178,0.0,10.0,143,30,RB,852.0,852.0,0.3333333333333333,28.4,0.0,28.4
Marcus Mariota,129.0,0,2219.0,0.0,282,20,QB,129.0,2348.0,0.0,6.45,110.95,117.4
Mark Andrews,0.0,3761,0.0,17.0,567,61,TE,3761.0,3761.0,0.2786885245901639,61.65573770491803,0.0,61.65573770491803
Mark Ingram,1572.0,409,0.0,15.0,299,29,RB,1981.0,1981.0,0.5172413793103449,68.3103448275862,0.0,68.3103448275862
Marlon Mack,1091.0,82,0.0,8.0,167,14,RB,1173.0,1173.0,0.5714285714285714,83.78571428571429,0.0,83.78571428571429
Marquez Callaway,0.0,698,0.0,0.0,106,17,WR,698.0,698.0,0.0,41.05882352941177,0.0,41.05882352941177
Marquez ValdesScantling,22.0,2259,0.0,8.0,303,60,WR,2281.0,2281.0,0.13333333333333333,38.016666666666666,0.0,38.016666666666666
Marquise Brown,6.0,3070,0.0,15.0,449,58,WR,3076.0,3076.0,0.25862068965517243,53.03448275862069,0.0,53.03448275862069
Marquise Goodwin,0.0,387,0.0,0.0,63,13,WR,387.0,387.0,0.0,29.76923076923077,0.0,29.76923076923077
Marvin Jones,0.0,3118,0.0,18.0,462,62,WR,3118.0,3118.0,0.2903225806451613,50.29032258064516,0.0,50.29032258064516
Mason Rudolph,42.0,0,0.0,0.0,109,10,QB,42.0,42.0,0.0,4.2,0.0,4.2
Matt Breida,623.0,120,0.0,2.0,84,13,RB,743.0,743.0,0.15384615384615385,57.15384615384615,0.0,57.15384615384615
Matt Ryan,321.0,0,7638.0,3.0,927,60,QB,321.0,7959.0,0.05,5.35,127.3,132.65
Matthew Stafford,221.0,0,6171.0,0.0,866,50,QB,221.0,6392.0,0.0,4.42,123.42,127.84
Mecole Hardman,94.0,2088,0.0,12.0,332,57,WR,2182.0,2182.0,0.21052631578947367,38.280701754385966,0.0,38.280701754385966
Melvin Gordon,2516.0,890,0.0,19.0,534,53,RB,3406.0,3406.0,0.3584905660377358,64.26415094339623,0.0,64.26415094339623
Michael Carter,639.0,613,0.0,0.0,203,30,RB,1252.0,1252.0,0.0,41.733333333333334,0.0,41.733333333333334
Michael Gallup,0.0,2374,0.0,11.0,327,44,WR,2374.0,2374.0,0.25,53.95454545454545,0.0,53.95454545454545
Michael Pittman Jr.,44.0,2007,0.0,0.0,269,33,WR,2051.0,2051.0,0.0,62.15151515151515,0.0,62.15151515151515
Michael Thomas,-9.0,1725,0.0,9.0,226,16,WR,1716.0,1716.0,0.5625,107.25,0.0,107.25
Mike Davis,1145.0,632,0.0,8.0,242,32,RB,1777.0,1777.0,0.25,55.53125,0.0,55.53125
Mike Evans,10.0,4322,0.0,21.0,682,60,WR,4332.0,4332.0,0.35,72.2,0.0,72.2
Mike Gesicki,0.0,2415,0.0,11.0,349,65,TE,2415.0,2415.0,0.16923076923076924,37.15384615384615,0.0,37.15384615384615
Mike Williams,3.0,3798,0.0,7.0,503,59,WR,3801.0,3801.0,0.11864406779661017,64.42372881355932,0.0,64.42372881355932
Miles Sanders,2439.0,942,0.0,12.0,599,57,RB,3381.0,3381.0,0.21052631578947367,59.31578947368421,0.0,59.31578947368421
Mitchell Trubisky,388.0,0,3307.0,3.0,431,32,QB,388.0,3695.0,0.09375,12.125,103.34375,115.46875
Mohamed Sanu,11.0,520,0.0,2.0,65,15,WR,531.0,531.0,0.13333333333333333,35.4,0.0,35.4
Myles Gaskin,1196.0,622,0.0,5.0,248,27,RB,1818.0,1818.0,0.18518518518518517,67.33333333333333,0.0,67.33333333333333
Najee Harris,1200.0,696,4.0,0.0,409,34,RB,1896.0,1900.0,0.0,55.76470588235294,0.11764705882352941,55.88235294117647
Nelson Agholor,18.0,1732,0.0,11.0,259,42,WR,1750.0,1750.0,0.2619047619047619,41.666666666666664,0.0,41.666666666666664
Nick Chubb,3820.0,841,0.0,20.0,860,59,RB,4661.0,4661.0,0.3389830508474576,79.0,0.0,79.0
Nick Foles,1.0,0,1852.0,1.0,104,9,QB,1.0,1853.0,0.1111111111111111,0.1111111111111111,205.77777777777777,205.88888888888889
Nick Mullens,8.0,0,2437.0,0.0,116,10,QB,8.0,2445.0,0.0,0.8,243.7,244.5
Nick WestbrookIkhine,0.0,873,0.0,0.0,128,33,WR,873.0,873.0,0.0,26.454545454545453,0.0,26.454545454545453
Nico Collins,0.0,481,0.0,0.0,60,10,WR,481.0,481.0,0.0,48.1,0.0,48.1
Noah Brown,0.0,555,0.0,0.0,72,16,WR,555.0,555.0,0.0,34.6875,0.0,34.6875
Noah Fant,-12.0,2391,0.0,6.0,322,64,TE,2379.0,2379.0,0.09375,37.171875,0.0,37.171875
Nyheim Hines,855.0,1112,0.0,11.0,277,49,RB,1967.0,1967.0,0.22448979591836735,40.142857142857146,0.0,40.142857142857146
Odell Beckham Jr.,96.0,1891,18.0,8.0,276,37,WR,1987.0,2005.0,0.21621621621621623,53.7027027027027,0.4864864864864865,54.189189189189186
Olamide Zaccheaus,0.0,533,0.0,0.0,70,17,WR,533.0,533.0,0.0,31.352941176470587,0.0,31.352941176470587
Parris Campbell,0.0,623,0.0,0.0,86,17,WR,623.0,623.0,0.0,36.64705882352941,0.0,36.64705882352941
Pat Freiermuth,0.0,1229,0.0,0.0,177,32,TE,1229.0,1229.0,0.0,38.40625,0.0,38.40625
Patrick Mahomes,907.0,6,9990.0,4.0,1439,63,QB,913.0,10903.0,0.06349206349206349,14.492063492063492,158.57142857142858,173.06349206349208
Peyton Barber,470.0,115,0.0,7.0,101,16,RB,585.0,585.0,0.4375,36.5625,0.0,36.5625
Philip Rivers,21.0,0,4169.0,0.0,476,32,QB,21.0,4190.0,0.0,0.65625,130.28125,130.9375
Phillip Dorsett,21.0,397,0.0,5.0,72,14,WR,418.0,418.0,0.35714285714285715,29.857142857142858,0.0,29.857142857142858
Phillip Lindsay,1011.0,196,0.0,7.0,163,16,RB,1207.0,1207.0,0.4375,75.4375,0.0,75.4375
Preston Williams,0.0,428,0.0,3.0,59,8,WR,428.0,428.0,0.375,53.5,0.0,53.5
Quez Watkins,3.0,647,0.0,0.0,73,17,WR,650.0,650.0,0.0,38.23529411764706,0.0,38.23529411764706
Rachaad White,0.0,290,0.0,0.0,89,17,RB,290.0,290.0,0.0,17.058823529411764,0.0,17.058823529411764
Raheem Mostert,1293.0,538,0.0,13.0,372,40,RB,1831.0,1831.0,0.325,45.775,0.0,45.775
Randall Cobb,12.0,1203,0.0,3.0,166,27,WR,1215.0,1215.0,0.1111111111111111,45.0,0.0,45.0
Rashaad Penny,1119.0,131,0.0,4.0,183,20,RB,1250.0,1250.0,0.2,62.5,0.0,62.5
Rashard Higgins,0.0,599,0.0,4.0,84,13,WR,599.0,599.0,0.3076923076923077,46.07692307692308,0.0,46.07692307692308
Rashid Shaheed,0.0,488,0.0,0.0,73,12,WR,488.0,488.0,0.0,40.666666666666664,0.0,40.666666666666664
Rex Burkhead,1003.0,657,0.0,9.0,236,39,RB,1660.0,1660.0,0.23076923076923078,42.56410256410256,0.0,42.56410256410256
Rhamondre Stevenson,606.0,544,0.0,0.0,281,29,RB,1150.0,1150.0,0.0,39.6551724137931,0.0,39.6551724137931
Richie James,0.0,569,0.0,0.0,76,17,WR,569.0,569.0,0.0,33.470588235294116,0.0,33.470588235294116
Rob Gronkowski,0.0,1425,0.0,7.0,220,28,TE,1425.0,1425.0,0.25,50.892857142857146,0.0,50.892857142857146
Robbie Chosen,55.0,2394,0.0,8.0,325,49,WR,2449.0,2449.0,0.16326530612244897,49.97959183673469,0.0,49.97959183673469
Robert Tonyan,0.0,1056,0.0,11.0,184,33,TE,1056.0,1056.0,0.3333333333333333,32.0,0.0,32.0
Robert Woods,316.0,3153,0.0,11.0,453,57,WR,3469.0,3469.0,0.19298245614035087,60.85964912280702,0.0,60.85964912280702
Romeo Doubs,0.0,425,0.0,0.0,60,13,WR,425.0,425.0,0.0,32.69230769230769,0.0,32.69230769230769
Ronald Jones II,2130.0,538,0.0,14.0,362,46,RB,2668.0,2668.0,0.30434782608695654,58.0,0.0,58.0
Royce Freeman,496.0,256,0.0,4.0,99,16,RB,752.0,752.0,0.25,47.0,0.0,47.0
Russell Gage,9.0,1982,39.0,4.0,279,43,WR,1991.0,2030.0,0.09302325581395349,46.30232558139535,0.9069767441860465,47.2093023255814
Russell Wilson,1038.0,1,7736.0,5.0,1157,61,QB,1039.0,8775.0,0.08196721311475409,17.0327868852459,126.81967213114754,143.85245901639345
Ryan Fitzpatrick,394.0,0,2091.0,6.0,394,24,QB,394.0,2485.0,0.25,16.416666666666668,87.125,103.54166666666667
Ryan Griffin,0.0,320,0.0,5.0,64,13,TE,320.0,320.0,0.38461538461538464,24.615384615384617,0.0,24.615384615384617
Ryan Tannehill,721.0,0,6355.0,11.0,996,57,QB,721.0,7076.0,0.19298245614035087,12.649122807017545,111.49122807017544,124.14035087719299
Sam Darnold,501.0,0,3351.0,4.0,566,43,QB,501.0,3852.0,0.09302325581395349,11.651162790697674,77.93023255813954,89.5813953488372
Samaje Perine,0.0,287,0.0,0.0,104,16,RB,287.0,287.0,0.0,17.9375,0.0,17.9375
Sammy Watkins,12.0,673,0.0,3.0,87,14,WR,685.0,685.0,0.21428571428571427,48.92857142857143,0.0,48.92857142857143
Saquon Barkley,1596.0,1039,0.0,8.0,527,42,RB,2635.0,2635.0,0.19047619047619047,62.73809523809524,0.0,62.73809523809524
Scott Miller,14.0,501,0.0,3.0,70,16,WR,515.0,515.0,0.1875,32.1875,0.0,32.1875
Sony Michel,2206.0,336,0.0,9.0,334,42,RB,2542.0,2542.0,0.21428571428571427,60.523809523809526,0.0,60.523809523809526
Stefon Diggs,62.0,5319,0.0,14.0,743,64,WR,5381.0,5381.0,0.21875,84.078125,0.0,84.078125
Sterling Shepard,121.0,1232,0.0,7.0,182,22,WR,1353.0,1353.0,0.3181818181818182,61.5,0.0,61.5
Steven Sims,85.0,310,0.0,6.0,76,16,WR,395.0,395.0,0.375,24.6875,0.0,24.6875
T.J. Hockenson,0.0,2220,0.0,6.0,321,45,TE,2220.0,2220.0,0.13333333333333333,49.333333333333336,0.0,49.333333333333336
T.Y. Hilton,0.0,1263,0.0,10.0,188,25,WR,1263.0,1263.0,0.4,50.52,0.0,50.52
Tajae Sharpe,0.0,329,0.0,4.0,57,15,WR,329.0,329.0,0.26666666666666666,21.933333333333334,0.0,21.933333333333334
Tarik Cohen,213.0,456,0.0,3.0,85,16,RB,669.0,669.0,0.1875,41.8125,0.0,41.8125
Taylor Gabriel,20.0,353,0.0,4.0,61,9,WR,373.0,373.0,0.4444444444444444,41.44444444444444,0.0,41.44444444444444
Taylor Heinicke,313.0,-2,1859.0,0.0,338,25,QB,311.0,2170.0,0.0,12.44,74.36,86.8
Taysom Hill,987.0,461,1168.0,16.0,487,60,TE,1448.0,2616.0,0.26666666666666666,24.133333333333333,19.466666666666665,43.6
Ted Ginn Jr.,18.0,421,0.0,2.0,56,16,WR,439.0,439.0,0.125,27.4375,0.0,27.4375
Teddy Bridgewater,416.0,0,3733.0,5.0,534,38,QB,416.0,4149.0,0.13157894736842105,10.947368421052632,98.23684210526316,109.1842105263158
Tee Higgins,28.0,3028,0.0,6.0,420,46,WR,3056.0,3056.0,0.13043478260869565,66.43478260869566,0.0,66.43478260869566
Terry McLaurin,42.0,4281,0.0,11.0,560,63,WR,4323.0,4323.0,0.1746031746031746,68.61904761904762,0.0,68.61904761904762
Tevin Coleman,544.0,180,0.0,7.0,114,14,RB,724.0,724.0,0.5,51.714285714285715,0.0,51.714285714285715
Tim Patrick,0.0,1476,0.0,6.0,213,31,WR,1476.0,1476.0,0.1935483870967742,47.61290322580645,0.0,47.61290322580645
Todd Gurley,1535.0,371,0.0,23.0,326,30,RB,1906.0,1906.0,0.7666666666666667,63.53333333333333,0.0,63.53333333333333
Tom Brady,121.0,0,9327.0,6.0,1249,66,QB,121.0,9448.0,0.09090909090909091,1.8333333333333333,141.3181818181818,143.15151515151516
Tony Pollard,1609.0,1008,0.0,8.0,501,62,RB,2617.0,2617.0,0.12903225806451613,42.20967741935484,0.0,42.20967741935484
Travis Etienne,0.0,316,0.0,0.0,170,17,RB,316.0,316.0,0.0,18.58823529411765,0.0,18.58823529411765
Travis Fulgham,0.0,539,0.0,4.0,78,13,WR,539.0,539.0,0.3076923076923077,41.46153846153846,0.0,41.46153846153846
Travis Kelce,7.0,5108,4.0,17.0,742,64,TE,5115.0,5119.0,0.265625,79.921875,0.0625,79.984375
TreQuan Smith,3.0,448,0.0,4.0,69,14,WR,451.0,451.0,0.2857142857142857,32.214285714285715,0.0,32.214285714285715
Trevor Lawrence,334.0,0,4113.0,0.0,495,34,QB,334.0,4447.0,0.0,9.823529411764707,120.97058823529412,130.7941176470588
Trevor Siemian,20.0,0,0.0,0.0,90,6,QB,20.0,20.0,0.0,3.3333333333333335,0.0,3.3333333333333335
Trey Lance,168.0,0,0.0,0.0,65,6,QB,168.0,168.0,0.0,28.0,0.0,28.0
Treylon Burks,0.0,444,0.0,0.0,61,11,WR,444.0,444.0,0.0,40.36363636363637,0.0,40.36363636363637
Tua Tagovailoa,237.0,0,5362.0,3.0,547,36,QB,237.0,5599.0,0.08333333333333333,6.583333333333333,148.94444444444446,155.52777777777777
Ty Johnson,238.0,372,0.0,0.0,83,16,RB,610.0,610.0,0.0,38.125,0.0,38.125
Tyler Allgeier,0.0,139,0.0,0.0,143,16,RB,139.0,139.0,0.0,8.6875,0.0,8.6875
Tyler Boyd,94.0,3477,39.0,9.0,473,63,WR,3571.0,3610.0,0.14285714285714285,56.682539682539684,0.6190476190476191,57.301587301587304
Tyler Conklin,0.0,1145,0.0,0.0,151,34,TE,1145.0,1145.0,0.0,33.6764705882353,0.0,33.6764705882353
Tyler Eifert,0.0,436,0.0,3.0,64,16,TE,436.0,436.0,0.1875,27.25,0.0,27.25
Tyler Higbee,1.0,2435,0.0,8.0,341,62,TE,2436.0,2436.0,0.12903225806451613,39.29032258064516,0.0,39.29032258064516
Tyler Huntley,294.0,0,0.0,0.0,83,7,QB,294.0,294.0,0.0,42.0,0.0,42.0
Tyler Lockett,4.0,4319,0.0,18.0,639,64,WR,4323.0,4323.0,0.28125,67.546875,0.0,67.546875
Tyreek Hill,242.0,5085,0.0,24.0,786,61,WR,5327.0,5327.0,0.39344262295081966,87.32786885245902,0.0,87.32786885245902
Tyrell Williams,0.0,651,0.0,6.0,101,14,WR,651.0,651.0,0.42857142857142855,46.5,0.0,46.5
Tyrod Taylor,151.0,0,0.0,0.0,82,6,QB,151.0,151.0,0.0,25.166666666666668,0.0,25.166666666666668
Van Jefferson,20.0,802,0.0,0.0,118,17,WR,822.0,822.0,0.0,48.35294117647059,0.0,48.35294117647059
Wayne Gallman,682.0,114,0.0,6.0,116,15,RB,796.0,796.0,0.4,53.06666666666667,0.0,53.06666666666667
Will Fuller,0.0,1549,0.0,11.0,221,22,WR,1549.0,1549.0,0.5,70.4090909090909,0.0,70.4090909090909
Willie Snead,2.0,339,0.0,5.0,64,16,WR,341.0,341.0,0.3125,21.3125,0.0,21.3125
Zach Ertz,4.0,2085,0.0,6.0,304,42,TE,2089.0,2089.0,0.14285714285714285,49.73809523809524,0.0,49.73809523809524
Zach Pascal,16.0,1236,0.0,10.0,187,32,WR,1252.0,1252.0,0.3125,39.125,0.0,39.125
Zach Wilson,185.0,2,1688.0,0.0,250,22,QB,187.0,1875.0,0.0,8.5,76.72727272727273,85.22727272727273
Zack Moss,826.0,292,0.0,5.0,170,26,RB,1118.0,1118.0,0.19230769230769232,43.0,0.0,43.0
Zay Jones,0.0,823,0.0,0.0,116,16,WR,823.0,823.0,0.0,51.4375,0.0,51.4375
